{"cameraMode":{"drawMode":0,"name":"Shaded","section":"Shading Mode"},"sceneLighting":true,"audioPlay":false,"sceneViewState":{"showFog":true,"showMaterialUpdate":false,"showSkybox":true,"showFlares":true,"showImageEffects":true,"showParticleSystems":true},"in2DMode":false,"pivot":{"x":-91.40831756591797,"y":4.8133368492126469,"z":105.51822662353516},"rotation":{"x":0.11219165474176407,"y":-0.03666093200445175,"z":0.0041319322772324089,"w":0.9930424094200134},"size":228.88633728027345,"orthographic":true}