{"cameraMode":{"drawMode":0,"name":"Shaded","section":"Shading Mode"},"sceneLighting":true,"audioPlay":false,"sceneViewState":{"showFog":true,"showMaterialUpdate":false,"showSkybox":true,"showFlares":true,"showImageEffects":true,"showParticleSystems":true},"in2DMode":false,"pivot":{"x":-70.62783813476563,"y":81.67346954345703,"z":-15.425520896911621},"rotation":{"x":0.22000984847545625,"y":0.4114242494106293,"z":-0.10304005444049835,"w":0.8784744739532471},"size":14.940054893493653,"orthographic":true}