{"cameraMode":{"drawMode":0,"name":"Shaded","section":"Shading Mode"},"sceneLighting":false,"audioPlay":false,"sceneViewState":{"showFog":true,"showMaterialUpdate":false,"showSkybox":true,"showFlares":true,"showImageEffects":true,"showParticleSystems":true},"in2DMode":false,"pivot":{"x":2.384185791015625e-7,"y":-9.5367431640625e-7,"z":-4.76837158203125e-7},"rotation":{"x":0.13737422227859498,"y":-0.15327484905719758,"z":0.021561969071626664,"w":0.9784063696861267},"size":11.624387741088868,"orthographic":true}