{"cameraMode":{"drawMode":0,"name":"Shaded","section":"Shading Mode"},"sceneLighting":false,"audioPlay":false,"sceneViewState":{"showFog":true,"showMaterialUpdate":false,"showSkybox":true,"showFlares":true,"showImageEffects":true,"showParticleSystems":true},"in2DMode":false,"pivot":{"x":0.0,"y":-0.020726189017295839,"z":3.725290298461914e-9},"rotation":{"x":0.06122707203030586,"y":0.29690584540367129,"z":-0.019222764298319818,"w":0.9529179930686951},"size":0.2669874131679535,"orthographic":false}